Feature,Importance,Q
AZ,0.0024882363611209803,Q1
WA,0.03079140991030432,Q2
IL,0.026390371247368146,Q2
CA,0.0196205407466763,Q2
TX,0.0031274555056632226,Q2
DC,0.04402426733446784,Q3
CA,0.043132137342129576,Q3
WA,0.0054952938043796315,Q4
AZ,0.00430328075096655,Q4
